user_id,job_id,rating_explicite,commentaire_texte_anglais
user_123,job_427,4.0,nan
user_571,job_270,3.0,Comment for job 1
user_906,job_292,1.0,nan
user_191,job_102,4.0,Comment for job 3
user_637,job_194,4.0,Comment for job 4
user_910,job_246,4.0,nan
user_642,job_367,2.0,nan
user_711,job_336,,nan
user_72,job_420,2.0,Comment for job 8
user_496,job_394,3.0,nan
user_144,job_315,5.0,nan
user_907,job_442,3.0,nan
user_190,job_181,,nan
user_392,job_330,5.0,Comment for job 13
user_113,job_451,,Comment for job 14
user_463,job_112,5.0,nan
user_586,job_293,,nan
user_770,job_37,4.0,nan
user_801,job_192,1.0,nan
user_385,job_124,2.0,nan
user_115,job_351,5.0,nan
user_894,job_77,2.0,Comment for job 21
user_375,job_36,,nan
user_812,job_250,4.0,nan
user_612,job_148,3.0,nan
user_199,job_23,3.0,nan
user_494,job_92,1.0,Comment for job 26
user_929,job_55,,nan
user_69,job_226,3.0,Comment for job 28
user_562,job_387,5.0,Comment for job 29
user_892,job_408,4.0,nan
user_465,job_376,3.0,nan
user_562,job_452,4.0,Comment for job 32
user_988,job_196,,nan
user_421,job_197,5.0,nan
user_215,job_4,,nan
user_827,job_167,,Comment for job 36
user_46,job_193,2.0,nan
user_686,job_6,3.0,nan
user_521,job_44,2.0,nan
user_118,job_384,,Comment for job 40
user_187,job_430,5.0,Comment for job 41
user_634,job_390,2.0,Comment for job 42
user_887,job_45,,nan
user_420,job_397,1.0,Comment for job 44
user_861,job_267,3.0,Comment for job 45
user_336,job_215,,Comment for job 46
user_216,job_66,5.0,nan
user_865,job_274,,nan
user_60,job_247,,nan
user_653,job_120,3.0,Comment for job 50
user_715,job_124,,nan
user_192,job_178,5.0,Comment for job 52
user_921,job_260,1.0,nan
user_157,job_443,4.0,Comment for job 54
user_644,job_134,4.0,nan
user_136,job_45,5.0,nan
user_581,job_183,,Comment for job 57
user_926,job_127,,nan
user_148,job_303,5.0,Comment for job 59
user_20,job_386,,Comment for job 60
user_962,job_112,2.0,nan
user_393,job_310,2.0,Comment for job 62
user_261,job_178,,nan
user_458,job_185,,nan
user_871,job_368,,Comment for job 65
user_994,job_90,1.0,nan
user_596,job_145,2.0,Comment for job 67
user_645,job_267,3.0,nan
user_371,job_314,4.0,nan
user_47,job_76,,Comment for job 70
user_211,job_493,4.0,nan
user_994,job_477,2.0,nan
user_241,job_430,,nan
user_27,job_295,4.0,nan
user_486,job_170,5.0,nan
user_351,job_308,4.0,nan
user_489,job_348,2.0,nan
user_786,job_417,3.0,Comment for job 78
user_751,job_91,1.0,nan
user_472,job_365,2.0,nan
user_269,job_6,,nan
user_129,job_425,,nan
user_422,job_333,,nan
user_506,job_249,5.0,nan
user_30,job_111,,nan
user_958,job_305,4.0,Comment for job 86
user_716,job_339,4.0,nan
user_17,job_88,3.0,nan
user_984,job_89,,nan
user_837,job_399,2.0,Comment for job 90
user_779,job_235,,nan
user_619,job_35,,nan
user_583,job_495,2.0,Comment for job 93
user_111,job_230,,nan
user_638,job_312,1.0,nan
user_191,job_178,2.0,nan
user_972,job_56,,nan
user_110,job_322,,Comment for job 98
user_249,job_192,5.0,Comment for job 99
user_569,job_478,1.0,Comment for job 100
user_137,job_39,,nan
user_474,job_176,4.0,nan
user_765,job_12,3.0,nan
user_695,job_25,,nan
user_970,job_109,4.0,nan
user_115,job_305,5.0,Comment for job 106
user_824,job_490,1.0,nan
user_550,job_32,2.0,nan
user_22,job_137,5.0,Comment for job 109
user_662,job_437,,Comment for job 110
user_47,job_274,,nan
user_180,job_203,4.0,Comment for job 112
user_82,job_57,3.0,nan
user_498,job_11,,Comment for job 114
user_763,job_369,,nan
user_271,job_357,3.0,nan
user_479,job_396,5.0,nan
user_792,job_259,,nan
user_801,job_194,5.0,nan
user_920,job_337,5.0,nan
user_375,job_204,1.0,nan
user_234,job_35,2.0,nan
user_814,job_239,,Comment for job 123
user_181,job_219,,nan
user_746,job_13,2.0,nan
user_15,job_373,5.0,nan
user_442,job_178,,Comment for job 127
user_977,job_380,3.0,nan
user_981,job_193,5.0,nan
user_544,job_363,,nan
user_502,job_27,,nan
user_509,job_47,4.0,nan
user_213,job_286,2.0,Comment for job 133
user_826,job_183,2.0,nan
user_678,job_356,4.0,Comment for job 135
user_494,job_190,5.0,nan
user_595,job_425,,nan
user_589,job_182,4.0,Comment for job 138
user_655,job_22,2.0,nan
user_800,job_371,2.0,Comment for job 140
user_453,job_359,,nan
user_78,job_125,,Comment for job 142
user_200,job_335,2.0,nan
user_307,job_22,,nan
user_873,job_125,,nan
user_800,job_40,2.0,nan
user_18,job_417,5.0,nan
user_941,job_175,,nan
user_223,job_375,2.0,Comment for job 149
user_617,job_356,5.0,nan
user_889,job_475,3.0,nan
user_925,job_462,4.0,nan
user_80,job_4,,nan
user_498,job_151,1.0,Comment for job 154
user_535,job_155,1.0,nan
user_242,job_72,1.0,nan
user_669,job_366,3.0,nan
user_212,job_441,1.0,nan
user_19,job_109,,nan
user_238,job_336,5.0,nan
user_917,job_314,,nan
user_649,job_299,2.0,nan
user_153,job_310,5.0,nan
user_205,job_233,3.0,nan
user_338,job_159,5.0,nan
user_870,job_297,,Comment for job 166
user_450,job_127,,nan
user_519,job_368,1.0,nan
user_395,job_378,1.0,nan
user_662,job_433,5.0,nan
user_380,job_128,3.0,nan
user_249,job_402,,nan
user_857,job_251,3.0,Comment for job 173
user_914,job_330,,nan
user_617,job_457,5.0,nan
user_549,job_436,2.0,Comment for job 176
user_976,job_435,1.0,Comment for job 177
user_917,job_388,3.0,nan
user_238,job_16,1.0,nan
user_484,job_71,,nan
user_311,job_54,,nan
user_317,job_82,4.0,nan
user_885,job_496,,nan
user_653,job_210,3.0,nan
user_198,job_357,5.0,nan
user_10,job_78,3.0,nan
user_536,job_143,3.0,nan
user_792,job_433,,nan
user_284,job_274,,nan
user_69,job_63,,nan
user_834,job_197,2.0,nan
user_290,job_137,2.0,nan
user_263,job_304,,Comment for job 193
user_922,job_450,2.0,Comment for job 194
user_858,job_339,5.0,nan
user_428,job_242,,Comment for job 196
user_47,job_454,4.0,nan
user_673,job_285,4.0,nan
user_205,job_352,,nan
user_366,job_407,4.0,nan
user_771,job_4,,nan
user_543,job_331,1.0,nan
user_794,job_56,,Comment for job 203
user_515,job_481,2.0,nan
user_775,job_482,,Comment for job 205
user_876,job_89,5.0,nan
user_717,job_143,,Comment for job 207
user_956,job_247,2.0,nan
user_640,job_37,,nan
user_677,job_362,1.0,nan
user_471,job_344,3.0,nan
user_63,job_179,5.0,nan
user_724,job_235,3.0,Comment for job 213
user_464,job_456,1.0,nan
user_32,job_177,3.0,nan
user_725,job_350,5.0,nan
user_603,job_208,4.0,nan
user_346,job_371,,nan
user_283,job_444,5.0,nan
user_923,job_357,,Comment for job 220
user_596,job_45,5.0,Comment for job 221
user_436,job_239,2.0,nan
user_224,job_249,,nan
user_188,job_452,2.0,nan
user_168,job_113,,nan
user_214,job_449,3.0,nan
user_517,job_220,3.0,nan
user_305,job_29,1.0,nan
user_971,job_204,3.0,nan
user_692,job_89,1.0,nan
user_498,job_98,,nan
user_888,job_446,,Comment for job 232
user_948,job_20,5.0,Comment for job 233
user_350,job_369,2.0,nan
user_874,job_490,,nan
user_71,job_145,4.0,nan
user_115,job_9,,Comment for job 237
user_115,job_115,,nan
user_27,job_36,,Comment for job 239
user_610,job_218,4.0,nan
user_35,job_305,,Comment for job 241
user_44,job_369,1.0,nan
user_141,job_134,5.0,Comment for job 243
user_979,job_434,3.0,nan
user_167,job_453,,nan
user_904,job_345,3.0,nan
user_93,job_108,,nan
user_296,job_400,3.0,nan
user_710,job_127,,nan
user_577,job_192,,nan
user_787,job_463,3.0,nan
user_886,job_90,2.0,nan
user_787,job_357,,nan
user_973,job_399,,Comment for job 254
user_779,job_76,2.0,nan
user_520,job_397,,nan
user_866,job_54,2.0,nan
user_497,job_48,,nan
user_883,job_259,5.0,nan
user_242,job_488,2.0,nan
user_393,job_403,4.0,nan
user_191,job_307,1.0,nan
user_988,job_446,3.0,nan
user_955,job_47,,nan
user_742,job_308,3.0,Comment for job 265
user_372,job_380,1.0,nan
user_668,job_136,2.0,Comment for job 267
user_242,job_373,5.0,Comment for job 268
user_39,job_50,4.0,nan
user_312,job_30,4.0,nan
user_879,job_452,3.0,nan
user_817,job_300,5.0,nan
user_318,job_39,,nan
user_324,job_358,4.0,nan
user_437,job_260,5.0,nan
user_59,job_402,4.0,nan
user_436,job_104,4.0,nan
user_410,job_316,1.0,nan
user_166,job_188,3.0,Comment for job 279
user_408,job_5,,Comment for job 280
user_976,job_99,4.0,Comment for job 281
user_549,job_244,5.0,nan
user_822,job_160,,Comment for job 283
user_28,job_196,2.0,nan
user_958,job_83,5.0,Comment for job 285
user_366,job_39,5.0,nan
user_80,job_411,2.0,nan
user_222,job_5,5.0,nan
user_309,job_51,,nan
user_178,job_180,,nan
user_264,job_440,3.0,nan
user_6,job_152,1.0,nan
user_618,job_498,,nan
user_222,job_173,,Comment for job 294
user_986,job_224,1.0,nan
user_469,job_311,,nan
user_164,job_375,,nan
user_774,job_108,,Comment for job 298
user_684,job_358,2.0,nan
user_978,job_12,5.0,nan
user_83,job_87,3.0,nan
user_932,job_119,,nan
user_476,job_109,,nan
user_7,job_195,4.0,nan
user_66,job_259,2.0,Comment for job 305
user_80,job_168,,Comment for job 306
user_252,job_204,,nan
user_351,job_411,5.0,nan
user_806,job_156,1.0,nan
user_901,job_130,1.0,Comment for job 310
user_211,job_391,5.0,nan
user_755,job_46,,Comment for job 312
user_441,job_77,3.0,Comment for job 313
user_382,job_290,4.0,nan
user_163,job_152,2.0,nan
user_653,job_402,,nan
user_309,job_461,,nan
user_156,job_18,,nan
user_774,job_60,3.0,Comment for job 319
user_17,job_240,3.0,nan
user_403,job_35,3.0,nan
user_130,job_460,2.0,Comment for job 322
user_77,job_26,4.0,nan
user_476,job_464,,Comment for job 324
user_137,job_301,4.0,nan
user_437,job_49,,nan
user_277,job_278,3.0,Comment for job 327
user_850,job_68,4.0,nan
user_443,job_27,5.0,Comment for job 329
user_822,job_110,3.0,nan
user_959,job_275,,nan
user_166,job_202,,nan
user_364,job_402,2.0,nan
user_958,job_83,3.0,Comment for job 334
user_434,job_190,5.0,nan
user_665,job_454,1.0,nan
user_683,job_282,,Comment for job 337
user_642,job_406,2.0,nan
user_127,job_396,2.0,Comment for job 339
user_824,job_498,,nan
user_784,job_45,,Comment for job 341
user_310,job_404,3.0,Comment for job 342
user_125,job_12,3.0,nan
user_171,job_388,,Comment for job 344
user_133,job_179,5.0,Comment for job 345
user_881,job_270,5.0,nan
user_212,job_258,5.0,nan
user_151,job_499,2.0,Comment for job 348
user_539,job_148,4.0,Comment for job 349
user_411,job_81,5.0,Comment for job 350
user_598,job_99,,nan
user_835,job_366,,nan
user_186,job_227,3.0,nan
user_993,job_58,4.0,nan
user_543,job_499,2.0,Comment for job 355
user_819,job_213,,Comment for job 356
user_618,job_466,4.0,Comment for job 357
user_975,job_313,2.0,Comment for job 358
user_723,job_333,2.0,Comment for job 359
user_908,job_432,,Comment for job 360
user_99,job_281,1.0,Comment for job 361
user_22,job_358,5.0,nan
user_567,job_191,1.0,nan
user_414,job_122,3.0,Comment for job 364
user_944,job_375,2.0,nan
user_175,job_440,,nan
user_374,job_181,2.0,nan
user_532,job_191,1.0,nan
user_177,job_402,4.0,nan
user_846,job_34,1.0,nan
user_353,job_88,4.0,nan
user_97,job_139,,Comment for job 372
user_614,job_6,3.0,nan
user_236,job_366,5.0,nan
user_637,job_452,2.0,nan
user_799,job_483,5.0,nan
user_979,job_374,4.0,nan
user_899,job_129,,nan
user_684,job_129,5.0,Comment for job 379
user_411,job_37,3.0,Comment for job 380
user_652,job_176,,nan
user_428,job_198,5.0,nan
user_243,job_341,5.0,nan
user_340,job_237,4.0,nan
user_99,job_321,3.0,Comment for job 385
user_107,job_83,4.0,nan
user_379,job_309,4.0,Comment for job 387
user_907,job_147,5.0,Comment for job 388
user_470,job_169,1.0,nan
user_145,job_160,5.0,Comment for job 390
user_521,job_6,5.0,nan
user_178,job_423,5.0,Comment for job 392
user_225,job_222,5.0,nan
user_3,job_89,5.0,nan
user_296,job_392,2.0,nan
user_575,job_97,,Comment for job 396
user_160,job_4,5.0,nan
user_552,job_103,4.0,Comment for job 398
user_798,job_342,,Comment for job 399
user_250,job_104,4.0,nan
user_929,job_492,3.0,nan
user_208,job_15,3.0,nan
user_795,job_85,2.0,nan
user_792,job_207,4.0,Comment for job 404
user_645,job_23,,nan
user_897,job_46,4.0,nan
user_621,job_194,2.0,Comment for job 407
user_767,job_331,1.0,nan
user_398,job_297,1.0,nan
user_685,job_199,3.0,nan
user_208,job_94,4.0,nan
user_202,job_31,3.0,Comment for job 412
user_899,job_373,3.0,nan
user_202,job_245,2.0,nan
user_16,job_19,5.0,Comment for job 415
user_289,job_183,,nan
user_79,job_168,4.0,nan
user_271,job_24,,nan
user_76,job_250,4.0,nan
user_172,job_490,2.0,nan
user_820,job_28,3.0,nan
user_537,job_382,2.0,nan
user_912,job_274,3.0,nan
user_602,job_357,4.0,nan
user_348,job_183,1.0,nan
user_921,job_323,3.0,nan
user_980,job_73,,nan
user_651,job_54,3.0,nan
user_510,job_404,3.0,Comment for job 429
user_929,job_64,3.0,nan
user_934,job_288,2.0,nan
user_153,job_120,1.0,nan
user_941,job_230,,nan
user_243,job_419,5.0,nan
user_217,job_152,5.0,Comment for job 435
user_688,job_74,2.0,Comment for job 436
user_382,job_385,,nan
user_881,job_294,3.0,nan
user_787,job_389,4.0,nan
user_709,job_324,4.0,nan
user_160,job_195,,nan
user_810,job_13,3.0,Comment for job 442
user_451,job_68,1.0,nan
user_834,job_51,3.0,nan
user_102,job_5,,nan
user_34,job_111,1.0,Comment for job 446
user_943,job_359,3.0,nan
user_104,job_493,,nan
user_790,job_485,4.0,nan
user_436,job_364,5.0,Comment for job 450
user_372,job_398,,Comment for job 451
user_649,job_333,3.0,nan
user_550,job_399,,nan
user_86,job_255,2.0,nan
user_775,job_360,1.0,nan
user_520,job_491,3.0,nan
user_140,job_180,3.0,nan
user_846,job_355,3.0,nan
user_435,job_178,,nan
user_523,job_137,,nan
user_324,job_125,4.0,nan
user_901,job_131,5.0,nan
user_671,job_119,,nan
user_306,job_131,4.0,Comment for job 464
user_653,job_352,2.0,Comment for job 465
user_246,job_293,3.0,nan
user_968,job_119,3.0,nan
user_19,job_9,2.0,nan
user_66,job_424,,nan
user_298,job_425,4.0,nan
user_740,job_202,,nan
user_212,job_434,,nan
user_970,job_255,2.0,nan
user_226,job_179,5.0,Comment for job 474
user_582,job_363,3.0,nan
user_315,job_294,,Comment for job 476
user_273,job_491,3.0,nan
user_82,job_468,,nan
user_963,job_271,3.0,nan
user_340,job_45,5.0,nan
user_292,job_152,2.0,Comment for job 481
user_255,job_41,1.0,nan
user_381,job_224,,Comment for job 483
user_684,job_60,1.0,nan
user_446,job_82,,nan
user_601,job_358,1.0,nan
user_611,job_229,4.0,nan
user_347,job_90,1.0,nan
user_152,job_143,,Comment for job 489
user_199,job_426,,nan
user_503,job_329,1.0,nan
user_983,job_384,,nan
user_1,job_201,,Comment for job 493
user_38,job_165,5.0,nan
user_769,job_270,4.0,nan
user_941,job_223,2.0,nan
user_850,job_181,3.0,nan
user_118,job_409,,nan
user_310,job_70,5.0,Comment for job 499
user_697,job_26,,nan
user_202,job_324,4.0,nan
user_429,job_445,,Comment for job 502
user_992,job_99,2.0,Comment for job 503
user_73,job_249,4.0,nan
user_130,job_37,5.0,nan
user_404,job_352,3.0,nan
user_730,job_218,,Comment for job 507
user_927,job_219,,nan
user_778,job_405,3.0,Comment for job 509
user_217,job_278,,Comment for job 510
user_372,job_387,2.0,Comment for job 511
user_584,job_26,,Comment for job 512
user_758,job_436,,Comment for job 513
user_129,job_102,2.0,Comment for job 514
user_660,job_245,5.0,nan
user_864,job_357,,nan
user_603,job_457,2.0,nan
user_518,job_328,4.0,nan
user_321,job_381,2.0,nan
user_18,job_343,2.0,nan
user_582,job_120,3.0,Comment for job 521
user_435,job_486,,nan
user_813,job_426,,Comment for job 523
user_660,job_353,3.0,nan
user_398,job_141,,nan
user_339,job_138,4.0,nan
user_908,job_173,2.0,nan
user_766,job_158,,nan
user_470,job_343,1.0,Comment for job 529
user_359,job_1,,nan
user_985,job_35,5.0,nan
user_242,job_185,3.0,Comment for job 532
user_817,job_355,3.0,Comment for job 533
user_854,job_74,,nan
user_824,job_108,,nan
user_693,job_252,1.0,Comment for job 536
user_739,job_49,5.0,Comment for job 537
user_439,job_128,5.0,nan
user_719,job_302,5.0,nan
user_528,job_51,,nan
user_403,job_50,,nan
user_279,job_127,2.0,nan
user_807,job_474,3.0,nan
user_203,job_427,2.0,nan
user_871,job_98,,Comment for job 545
user_921,job_482,5.0,Comment for job 546
user_144,job_110,2.0,nan
user_209,job_0,5.0,Comment for job 548
user_178,job_430,2.0,nan
user_876,job_277,4.0,nan
user_416,job_297,4.0,nan
user_459,job_54,4.0,nan
user_287,job_467,2.0,nan
user_329,job_213,,nan
user_974,job_294,,Comment for job 555
user_500,job_97,3.0,Comment for job 556
user_315,job_460,,nan
user_604,job_366,2.0,Comment for job 558
user_158,job_418,5.0,nan
user_22,job_345,2.0,nan
user_330,job_242,2.0,nan
user_626,job_234,5.0,nan
user_779,job_275,3.0,nan
user_309,job_79,2.0,nan
user_75,job_485,5.0,nan
user_386,job_110,5.0,nan
user_98,job_429,,nan
user_937,job_494,,nan
user_937,job_265,2.0,Comment for job 569
user_352,job_498,5.0,Comment for job 570
user_976,job_301,,Comment for job 571
user_840,job_141,,nan
user_0,job_179,3.0,nan
user_158,job_247,4.0,Comment for job 574
user_361,job_367,5.0,Comment for job 575
user_116,job_438,5.0,nan
user_442,job_68,1.0,nan
user_406,job_305,3.0,nan
user_439,job_367,4.0,nan
user_738,job_204,4.0,nan
user_705,job_97,1.0,nan
user_707,job_22,2.0,nan
user_27,job_389,,Comment for job 583
user_746,job_196,4.0,nan
user_751,job_206,3.0,Comment for job 585
user_287,job_303,3.0,Comment for job 586
user_129,job_234,3.0,nan
user_843,job_243,1.0,nan
user_998,job_469,3.0,Comment for job 589
user_124,job_50,5.0,nan
user_90,job_59,3.0,Comment for job 591
user_937,job_294,5.0,nan
user_43,job_82,2.0,Comment for job 593
user_249,job_224,4.0,nan
user_389,job_57,1.0,Comment for job 595
user_39,job_483,3.0,Comment for job 596
user_308,job_139,,nan
user_936,job_295,3.0,nan
user_437,job_317,4.0,nan
user_775,job_235,,nan
user_378,job_133,2.0,Comment for job 601
user_68,job_425,4.0,Comment for job 602
user_801,job_8,2.0,nan
user_258,job_409,4.0,nan
user_652,job_28,,Comment for job 605
user_924,job_348,,nan
user_62,job_153,1.0,nan
user_948,job_205,5.0,nan
user_697,job_176,5.0,Comment for job 609
user_712,job_354,5.0,nan
user_238,job_388,5.0,nan
user_364,job_418,5.0,Comment for job 612
user_769,job_60,1.0,Comment for job 613
user_830,job_75,4.0,nan
user_543,job_56,3.0,Comment for job 615
user_545,job_77,2.0,Comment for job 616
user_230,job_89,4.0,nan
user_576,job_8,3.0,nan
user_22,job_475,,Comment for job 619
user_6,job_146,,nan
user_302,job_375,,nan
user_915,job_189,2.0,nan
user_735,job_363,5.0,nan
user_739,job_371,,nan
user_64,job_290,4.0,nan
user_965,job_492,2.0,Comment for job 626
user_914,job_313,2.0,nan
user_672,job_310,1.0,nan
user_851,job_391,2.0,nan
user_389,job_267,,Comment for job 630
user_759,job_88,,Comment for job 631
user_96,job_273,,nan
user_786,job_349,1.0,nan
user_444,job_94,,nan
user_236,job_14,3.0,Comment for job 635
user_237,job_419,1.0,nan
user_141,job_342,,nan
user_458,job_498,,nan
user_799,job_478,3.0,nan
user_576,job_386,5.0,nan
user_452,job_171,4.0,Comment for job 641
user_833,job_272,1.0,Comment for job 642
user_845,job_277,3.0,nan
user_740,job_315,4.0,nan
user_997,job_214,2.0,nan
user_127,job_490,3.0,nan
user_330,job_14,2.0,nan
user_682,job_247,3.0,Comment for job 648
user_95,job_440,3.0,nan
user_259,job_344,3.0,Comment for job 650
user_258,job_405,,nan
user_806,job_36,4.0,nan
user_574,job_250,2.0,nan
user_21,job_55,,Comment for job 654
user_565,job_246,,nan
user_215,job_104,3.0,Comment for job 656
user_387,job_185,4.0,Comment for job 657
user_126,job_22,5.0,nan
user_945,job_458,,Comment for job 659
user_913,job_231,2.0,nan
user_73,job_151,3.0,nan
user_171,job_300,4.0,nan
user_520,job_82,,nan
user_960,job_499,2.0,nan
user_595,job_65,,nan
user_0,job_337,,nan
user_436,job_421,5.0,Comment for job 667
user_989,job_366,5.0,nan
user_503,job_366,4.0,nan
user_799,job_331,,Comment for job 670
user_303,job_207,3.0,nan
user_148,job_380,2.0,nan
user_647,job_175,,nan
user_264,job_30,3.0,nan
user_369,job_462,,Comment for job 675
user_21,job_197,2.0,nan
user_327,job_427,,Comment for job 677
user_121,job_144,1.0,nan
user_594,job_482,4.0,nan
user_937,job_298,5.0,nan
user_764,job_495,1.0,nan
user_649,job_266,5.0,nan
user_816,job_13,5.0,nan
user_209,job_45,,nan
user_818,job_396,1.0,nan
user_100,job_85,4.0,nan
user_634,job_279,5.0,Comment for job 687
user_15,job_232,5.0,nan
user_637,job_65,,nan
user_4,job_209,2.0,nan
user_856,job_457,5.0,nan
user_26,job_197,,nan
user_269,job_117,5.0,nan
user_838,job_353,5.0,nan
user_108,job_350,,nan
user_571,job_355,,nan
user_426,job_192,2.0,Comment for job 697
user_761,job_122,4.0,nan
user_729,job_303,2.0,nan
user_922,job_244,4.0,nan
user_795,job_492,3.0,nan
user_416,job_61,3.0,nan
user_431,job_375,4.0,nan
user_480,job_315,,nan
user_69,job_11,3.0,nan
user_453,job_389,1.0,nan
user_181,job_2,1.0,nan
user_278,job_337,5.0,nan
user_701,job_492,,nan
user_845,job_58,,nan
user_63,job_278,,nan
user_618,job_430,2.0,nan
user_184,job_430,4.0,nan
user_889,job_467,,Comment for job 714
user_535,job_337,,nan
user_21,job_47,4.0,nan
user_650,job_372,2.0,nan
user_548,job_254,,nan
user_634,job_310,3.0,nan
user_133,job_308,2.0,Comment for job 720
user_285,job_389,,Comment for job 721
user_736,job_379,2.0,Comment for job 722
user_238,job_127,3.0,Comment for job 723
user_620,job_423,2.0,Comment for job 724
user_895,job_458,5.0,Comment for job 725
user_507,job_442,2.0,nan
user_566,job_283,3.0,nan
user_641,job_448,2.0,Comment for job 728
user_183,job_35,2.0,nan
user_155,job_498,2.0,nan
user_550,job_204,,Comment for job 731
user_866,job_434,3.0,nan
user_480,job_359,1.0,nan
user_365,job_244,1.0,nan
user_284,job_202,,Comment for job 735
user_578,job_118,2.0,Comment for job 736
user_96,job_93,,Comment for job 737
user_151,job_413,2.0,nan
user_766,job_252,5.0,nan
user_669,job_257,5.0,nan
user_921,job_443,5.0,Comment for job 741
user_997,job_396,,nan
user_355,job_249,,nan
user_947,job_379,4.0,nan
user_180,job_26,5.0,nan
user_446,job_64,5.0,nan
user_154,job_149,5.0,nan
user_915,job_9,2.0,Comment for job 748
user_797,job_18,4.0,nan
user_435,job_42,5.0,nan
user_929,job_370,,nan
user_998,job_395,1.0,nan
user_325,job_265,5.0,nan
user_389,job_400,4.0,nan
user_955,job_467,1.0,nan
user_315,job_384,4.0,Comment for job 756
user_253,job_106,4.0,nan
user_387,job_192,3.0,nan
user_547,job_144,3.0,nan
user_434,job_181,2.0,nan
user_91,job_403,4.0,nan
user_713,job_462,3.0,Comment for job 762
user_22,job_390,1.0,nan
user_61,job_485,5.0,Comment for job 764
user_975,job_304,5.0,nan
user_361,job_299,3.0,nan
user_302,job_493,,nan
user_550,job_21,2.0,nan
user_843,job_453,1.0,Comment for job 769
user_584,job_347,,nan
user_676,job_291,3.0,nan
user_629,job_201,,nan
user_604,job_132,4.0,Comment for job 773
user_51,job_95,4.0,nan
user_956,job_384,5.0,nan
user_790,job_15,3.0,nan
user_511,job_28,3.0,nan
user_500,job_17,,nan
user_799,job_490,,Comment for job 779
user_415,job_442,4.0,nan
user_556,job_266,3.0,Comment for job 781
user_737,job_228,5.0,nan
user_611,job_289,4.0,nan
user_270,job_93,,nan
user_270,job_161,,nan
user_760,job_349,3.0,nan
user_899,job_463,,nan
user_454,job_243,3.0,Comment for job 788
user_13,job_202,2.0,Comment for job 789
user_492,job_58,4.0,nan
user_520,job_247,2.0,nan
user_580,job_497,,Comment for job 792
user_532,job_289,4.0,nan
user_57,job_182,5.0,nan
user_255,job_437,5.0,nan
user_367,job_219,,nan
user_373,job_26,5.0,nan
user_364,job_128,1.0,nan
user_765,job_340,2.0,nan
user_149,job_295,1.0,nan
user_78,job_36,3.0,Comment for job 801
user_225,job_13,,nan
user_507,job_1,5.0,nan
user_375,job_136,,nan
user_494,job_139,1.0,nan
user_266,job_89,2.0,nan
user_988,job_42,,nan
user_834,job_155,5.0,nan
user_352,job_304,4.0,Comment for job 809
user_82,job_329,4.0,Comment for job 810
user_806,job_25,4.0,nan
user_782,job_298,2.0,nan
user_522,job_470,5.0,nan
user_679,job_77,4.0,nan
user_749,job_367,4.0,nan
user_517,job_296,2.0,nan
user_334,job_49,,Comment for job 817
user_515,job_31,4.0,nan
user_832,job_406,,nan
user_998,job_14,,nan
user_961,job_95,,nan
user_338,job_444,3.0,Comment for job 822
user_1,job_154,2.0,nan
user_542,job_325,,nan
user_608,job_345,2.0,Comment for job 825
user_529,job_468,2.0,nan
user_569,job_171,,Comment for job 827
user_918,job_324,4.0,Comment for job 828
user_898,job_167,4.0,nan
user_353,job_51,,nan
user_294,job_165,,Comment for job 831
user_489,job_157,2.0,nan
user_28,job_89,1.0,Comment for job 833
user_307,job_318,2.0,Comment for job 834
user_364,job_371,4.0,Comment for job 835
user_114,job_121,2.0,Comment for job 836
user_979,job_133,1.0,nan
user_794,job_213,,Comment for job 838
user_136,job_364,,nan
user_843,job_381,,nan
user_969,job_391,5.0,Comment for job 841
user_162,job_375,4.0,Comment for job 842
user_930,job_269,2.0,Comment for job 843
user_172,job_148,5.0,nan
user_876,job_233,3.0,nan
user_248,job_208,,nan
user_824,job_398,5.0,nan
user_387,job_323,,nan
user_113,job_112,2.0,nan
user_474,job_343,5.0,nan
user_608,job_47,2.0,Comment for job 851
user_762,job_363,5.0,nan
user_336,job_67,,nan
user_842,job_80,1.0,Comment for job 854
user_773,job_399,3.0,Comment for job 855
user_613,job_180,1.0,nan
user_283,job_126,,nan
user_804,job_338,5.0,nan
user_681,job_283,,nan
user_560,job_222,5.0,nan
user_17,job_71,,nan
user_487,job_449,,Comment for job 862
user_932,job_411,1.0,Comment for job 863
user_911,job_48,,nan
user_403,job_155,4.0,nan
user_837,job_25,1.0,nan
user_222,job_449,5.0,Comment for job 867
user_745,job_348,1.0,Comment for job 868
user_991,job_110,,nan
user_976,job_78,3.0,Comment for job 870
user_644,job_458,3.0,Comment for job 871
user_9,job_159,4.0,nan
user_383,job_163,3.0,Comment for job 873
user_373,job_20,5.0,Comment for job 874
user_55,job_421,5.0,nan
user_907,job_241,3.0,nan
user_705,job_190,2.0,nan
user_5,job_215,,nan
user_636,job_175,5.0,nan
user_607,job_336,5.0,Comment for job 880
user_698,job_309,4.0,Comment for job 881
user_365,job_464,3.0,nan
user_292,job_297,,nan
user_874,job_272,2.0,nan
user_659,job_17,4.0,nan
user_184,job_248,3.0,Comment for job 886
user_760,job_435,2.0,Comment for job 887
user_456,job_269,3.0,nan
user_832,job_451,5.0,nan
user_713,job_35,5.0,Comment for job 890
user_41,job_478,,Comment for job 891
user_236,job_69,4.0,nan
user_232,job_199,2.0,nan
user_806,job_191,,nan
user_680,job_108,4.0,Comment for job 895
user_278,job_187,1.0,nan
user_932,job_246,5.0,Comment for job 897
user_940,job_4,4.0,nan
user_219,job_12,,nan
user_440,job_390,,nan
user_550,job_428,,nan
user_639,job_149,5.0,nan
user_82,job_494,,nan
user_420,job_133,3.0,nan
user_164,job_174,,Comment for job 905
user_250,job_350,,Comment for job 906
user_561,job_291,2.0,Comment for job 907
user_571,job_456,4.0,nan
user_586,job_293,3.0,nan
user_100,job_251,3.0,Comment for job 910
user_582,job_4,,nan
user_224,job_281,3.0,nan
user_938,job_273,,Comment for job 913
user_264,job_104,,nan
user_425,job_221,,nan
user_300,job_284,5.0,nan
user_616,job_192,3.0,nan
user_427,job_97,5.0,nan
user_149,job_274,,Comment for job 919
user_770,job_293,,Comment for job 920
user_334,job_145,,nan
user_333,job_473,,nan
user_99,job_216,,Comment for job 923
user_137,job_385,,Comment for job 924
user_611,job_11,5.0,Comment for job 925
user_468,job_354,2.0,nan
user_442,job_461,5.0,nan
user_531,job_495,,Comment for job 928
user_564,job_44,1.0,nan
user_362,job_341,1.0,nan
user_670,job_228,,Comment for job 931
user_596,job_240,5.0,nan
user_427,job_423,,Comment for job 933
user_681,job_243,,nan
user_434,job_427,3.0,nan
user_49,job_188,2.0,nan
user_345,job_227,,Comment for job 937
user_487,job_42,2.0,nan
user_229,job_421,,nan
user_435,job_189,2.0,nan
user_813,job_130,3.0,nan
user_566,job_255,1.0,nan
user_178,job_494,2.0,nan
user_317,job_123,4.0,nan
user_857,job_59,3.0,nan
user_400,job_413,3.0,nan
user_42,job_482,3.0,nan
user_41,job_371,1.0,Comment for job 948
user_467,job_338,1.0,nan
user_182,job_335,,Comment for job 950
user_999,job_81,,nan
user_944,job_280,4.0,nan
user_900,job_71,2.0,Comment for job 953
user_400,job_166,,nan
user_81,job_96,3.0,Comment for job 955
user_466,job_307,3.0,nan
user_367,job_208,5.0,Comment for job 957
user_355,job_238,,nan
user_796,job_417,3.0,Comment for job 959
user_130,job_490,4.0,nan
user_353,job_93,2.0,Comment for job 961
user_214,job_23,,nan
user_799,job_48,,Comment for job 963
user_99,job_122,,Comment for job 964
user_678,job_398,,nan
user_983,job_284,4.0,Comment for job 966
user_190,job_220,1.0,Comment for job 967
user_941,job_83,,nan
user_783,job_413,2.0,nan
user_553,job_170,,nan
user_888,job_316,1.0,nan
user_876,job_150,1.0,nan
user_296,job_19,3.0,nan
user_207,job_9,5.0,nan
user_219,job_387,3.0,nan
user_313,job_275,4.0,Comment for job 976
user_351,job_226,5.0,nan
user_656,job_182,4.0,Comment for job 978
user_734,job_168,3.0,nan
user_648,job_452,4.0,nan
user_166,job_180,,nan
user_61,job_443,4.0,nan
user_405,job_28,1.0,nan
user_50,job_422,5.0,nan
user_914,job_408,5.0,nan
user_144,job_83,3.0,Comment for job 986
user_644,job_484,3.0,nan
user_46,job_467,3.0,nan
user_996,job_17,,nan
user_492,job_208,2.0,nan
user_327,job_155,,nan
user_652,job_248,,Comment for job 992
user_157,job_213,2.0,nan
user_884,job_177,3.0,nan
user_897,job_315,4.0,nan
user_799,job_445,,nan
user_135,job_133,2.0,nan
user_894,job_270,,nan
user_585,job_389,3.0,nan
user_865,job_323,,Comment for job 1000
user_528,job_130,,nan
user_746,job_1,,Comment for job 1002
user_789,job_9,1.0,nan
user_680,job_202,1.0,nan
user_278,job_322,2.0,nan
user_374,job_27,,nan
user_493,job_336,,Comment for job 1007
user_589,job_157,4.0,nan
user_145,job_344,4.0,nan
user_159,job_1,3.0,Comment for job 1010
user_101,job_166,2.0,Comment for job 1011
user_732,job_10,3.0,Comment for job 1012
user_115,job_474,,nan
user_47,job_462,,nan
user_36,job_225,4.0,Comment for job 1015
user_68,job_335,3.0,Comment for job 1016
user_690,job_296,4.0,nan
user_264,job_100,,nan
user_635,job_366,5.0,Comment for job 1019
user_406,job_25,5.0,nan
user_134,job_312,5.0,nan
user_66,job_432,3.0,nan
user_983,job_443,3.0,nan
user_150,job_403,5.0,nan
user_824,job_44,4.0,nan
user_612,job_94,4.0,nan
user_583,job_95,3.0,nan
user_561,job_418,2.0,nan
user_215,job_477,3.0,Comment for job 1029
user_940,job_233,1.0,Comment for job 1030
user_38,job_391,,nan
user_402,job_62,,Comment for job 1032
user_44,job_376,,nan
user_870,job_169,2.0,nan
user_463,job_111,3.0,Comment for job 1035
user_483,job_166,5.0,nan
user_258,job_484,4.0,nan
user_493,job_371,3.0,nan
user_536,job_144,3.0,nan
user_32,job_127,,Comment for job 1040
user_404,job_348,5.0,nan
user_413,job_443,2.0,Comment for job 1042
user_86,job_246,,Comment for job 1043
user_526,job_435,,nan
user_503,job_469,,Comment for job 1045
user_634,job_128,2.0,nan
user_812,job_29,5.0,nan
user_568,job_297,5.0,nan
user_881,job_63,1.0,nan
user_400,job_416,,nan
user_532,job_179,4.0,nan
user_854,job_234,5.0,nan
user_341,job_88,,nan
user_927,job_308,5.0,nan
user_980,job_217,,Comment for job 1055
user_606,job_74,1.0,nan
user_133,job_190,,Comment for job 1057
user_462,job_36,4.0,nan
user_612,job_484,2.0,Comment for job 1059
user_310,job_259,5.0,nan
user_681,job_35,4.0,nan
user_594,job_105,1.0,nan
user_749,job_6,2.0,nan
user_43,job_194,2.0,nan
user_674,job_54,4.0,nan
user_886,job_48,4.0,nan
user_847,job_128,5.0,Comment for job 1067
user_735,job_469,3.0,nan
user_107,job_356,3.0,Comment for job 1069
user_341,job_83,3.0,Comment for job 1070
user_58,job_63,3.0,nan
user_244,job_304,4.0,nan
user_695,job_229,5.0,nan
user_371,job_0,3.0,nan
user_601,job_366,3.0,Comment for job 1075
user_982,job_317,2.0,Comment for job 1076
user_362,job_258,2.0,Comment for job 1077
user_985,job_272,4.0,nan
user_204,job_38,,nan
user_929,job_55,,nan
user_730,job_275,4.0,nan
user_299,job_424,3.0,Comment for job 1082
user_410,job_24,5.0,Comment for job 1083
user_187,job_61,1.0,nan
user_855,job_216,1.0,nan
user_363,job_30,,nan
user_704,job_125,,Comment for job 1087
user_57,job_271,5.0,nan
user_588,job_380,2.0,nan
user_427,job_313,4.0,nan
user_580,job_438,4.0,nan
user_134,job_469,5.0,nan
user_571,job_347,2.0,nan
user_616,job_39,,Comment for job 1094
user_892,job_234,3.0,nan
user_927,job_341,5.0,Comment for job 1096
user_131,job_392,4.0,nan
user_381,job_491,4.0,nan
user_104,job_172,4.0,Comment for job 1099
user_347,job_137,4.0,nan
user_100,job_455,1.0,nan
user_203,job_173,,nan
user_639,job_1,5.0,Comment for job 1103
user_178,job_389,2.0,nan
user_58,job_189,,Comment for job 1105
user_421,job_178,,nan
user_520,job_437,4.0,nan
user_27,job_395,4.0,nan
user_976,job_265,4.0,nan
user_967,job_185,,Comment for job 1110
user_327,job_170,1.0,nan
user_218,job_32,4.0,nan
user_591,job_461,4.0,Comment for job 1113
user_890,job_112,4.0,nan
user_747,job_244,5.0,nan
user_890,job_323,3.0,Comment for job 1116
user_50,job_328,5.0,nan
user_367,job_258,,nan
user_544,job_263,3.0,nan
user_907,job_351,4.0,nan
user_803,job_135,,nan
user_399,job_323,1.0,nan
user_527,job_421,,nan
user_121,job_284,5.0,Comment for job 1124
user_695,job_146,2.0,nan
user_928,job_27,5.0,Comment for job 1126
user_400,job_146,1.0,Comment for job 1127
user_220,job_37,1.0,nan
user_771,job_386,,nan
user_439,job_218,5.0,nan
user_826,job_328,5.0,nan
user_311,job_472,1.0,nan
user_345,job_376,,nan
user_949,job_97,,nan
user_213,job_139,1.0,nan
user_230,job_122,,Comment for job 1136
user_42,job_380,2.0,Comment for job 1137
user_921,job_244,,nan
user_613,job_230,,Comment for job 1139
user_970,job_164,1.0,nan
user_523,job_257,,nan
user_208,job_235,1.0,Comment for job 1142
user_992,job_385,,nan
user_159,job_422,5.0,nan
user_862,job_373,4.0,nan
user_550,job_249,3.0,nan
user_531,job_278,5.0,nan
user_486,job_103,4.0,nan
user_735,job_107,1.0,nan
user_720,job_179,2.0,nan
user_208,job_65,4.0,Comment for job 1151
user_128,job_324,4.0,Comment for job 1152
user_805,job_227,4.0,nan
user_446,job_62,5.0,Comment for job 1154
user_547,job_9,4.0,Comment for job 1155
user_900,job_155,1.0,nan
user_402,job_386,4.0,nan
user_83,job_446,4.0,Comment for job 1158
user_660,job_103,5.0,nan
user_855,job_392,4.0,Comment for job 1160
user_386,job_395,2.0,nan
user_440,job_381,,Comment for job 1162
user_399,job_412,3.0,Comment for job 1163
user_978,job_335,3.0,nan
user_162,job_158,,nan
user_703,job_26,3.0,nan
user_493,job_239,3.0,nan
user_18,job_192,,nan
user_158,job_153,,Comment for job 1169
user_761,job_419,4.0,Comment for job 1170
user_889,job_85,3.0,nan
user_267,job_228,4.0,Comment for job 1172
user_372,job_235,3.0,nan
user_701,job_77,4.0,Comment for job 1174
user_455,job_293,3.0,nan
user_425,job_193,2.0,Comment for job 1176
user_783,job_465,,Comment for job 1177
user_100,job_87,2.0,Comment for job 1178
user_894,job_491,3.0,nan
user_463,job_138,4.0,Comment for job 1180
user_291,job_67,1.0,nan
user_635,job_106,,nan
user_466,job_108,2.0,nan
user_626,job_85,4.0,nan
user_878,job_361,2.0,Comment for job 1185
user_754,job_411,,nan
user_417,job_371,3.0,nan
user_603,job_298,5.0,nan
user_473,job_22,2.0,nan
user_956,job_246,3.0,Comment for job 1190
user_621,job_339,,Comment for job 1191
user_195,job_414,5.0,nan
user_536,job_86,2.0,Comment for job 1193
user_733,job_242,2.0,Comment for job 1194
user_170,job_88,,Comment for job 1195
user_333,job_441,5.0,nan
user_5,job_93,4.0,Comment for job 1197
user_37,job_456,3.0,nan
user_208,job_160,3.0,Comment for job 1199
user_754,job_429,4.0,nan
user_549,job_229,5.0,nan
user_179,job_405,,Comment for job 1202
user_956,job_338,4.0,nan
user_442,job_2,1.0,Comment for job 1204
user_618,job_455,,nan
user_351,job_217,,nan
user_847,job_76,5.0,nan
user_174,job_346,,nan
user_975,job_218,1.0,nan
user_100,job_41,3.0,nan
user_430,job_326,,Comment for job 1211
user_554,job_42,,nan
user_275,job_176,3.0,nan
user_296,job_101,4.0,nan
user_136,job_367,,nan
user_933,job_394,4.0,Comment for job 1216
user_39,job_58,,nan
user_761,job_237,,Comment for job 1218
user_477,job_15,1.0,Comment for job 1219
user_989,job_480,3.0,Comment for job 1220
user_820,job_267,,nan
user_148,job_261,,Comment for job 1222
user_742,job_462,1.0,nan
user_307,job_399,1.0,nan
user_301,job_247,5.0,Comment for job 1225
user_170,job_413,2.0,nan
user_764,job_322,2.0,nan
user_321,job_184,,Comment for job 1228
user_734,job_327,5.0,Comment for job 1229
user_351,job_28,,nan
user_102,job_343,,Comment for job 1231
user_286,job_480,2.0,Comment for job 1232
user_282,job_271,4.0,nan
user_188,job_192,5.0,nan
user_436,job_111,3.0,nan
user_607,job_246,2.0,Comment for job 1236
user_262,job_352,5.0,nan
user_63,job_490,3.0,nan
user_259,job_39,3.0,nan
user_320,job_424,,Comment for job 1240
user_219,job_438,3.0,nan
user_631,job_35,1.0,Comment for job 1242
user_198,job_283,1.0,Comment for job 1243
user_842,job_46,1.0,Comment for job 1244
user_122,job_265,,Comment for job 1245
user_916,job_212,4.0,Comment for job 1246
user_680,job_459,,Comment for job 1247
user_2,job_483,,nan
user_344,job_366,2.0,Comment for job 1249
user_203,job_110,2.0,nan
user_595,job_369,2.0,nan
user_593,job_316,,Comment for job 1252
user_717,job_161,,nan
user_464,job_301,1.0,Comment for job 1254
user_856,job_82,2.0,nan
user_88,job_95,,Comment for job 1256
user_961,job_304,1.0,nan
user_89,job_306,5.0,Comment for job 1258
user_589,job_94,3.0,nan
user_441,job_428,,nan
user_17,job_340,4.0,nan
user_649,job_470,,Comment for job 1262
user_252,job_391,2.0,Comment for job 1263
user_469,job_192,,nan
user_811,job_36,4.0,Comment for job 1265
user_980,job_368,,nan
user_911,job_103,3.0,nan
user_131,job_458,3.0,nan
user_12,job_92,1.0,nan
user_602,job_329,4.0,Comment for job 1270
user_408,job_170,2.0,nan
user_105,job_288,4.0,nan
user_953,job_401,4.0,nan
user_965,job_496,,Comment for job 1274
user_193,job_328,4.0,nan
user_172,job_295,2.0,nan
user_832,job_313,1.0,nan
user_942,job_88,,nan
user_381,job_352,4.0,nan
user_741,job_295,2.0,nan
user_342,job_294,,Comment for job 1281
user_21,job_486,4.0,nan
user_907,job_436,2.0,nan
user_727,job_140,4.0,nan
user_585,job_324,4.0,nan
user_765,job_369,1.0,Comment for job 1286
user_854,job_384,1.0,nan
user_680,job_236,,nan
user_283,job_48,2.0,Comment for job 1289
user_644,job_98,1.0,nan
user_228,job_321,2.0,Comment for job 1291
user_649,job_281,2.0,nan
user_685,job_416,,nan
user_446,job_423,1.0,Comment for job 1294
user_405,job_422,5.0,Comment for job 1295
user_66,job_47,3.0,nan
user_370,job_6,5.0,nan
user_923,job_21,5.0,nan
user_216,job_51,2.0,nan
user_401,job_216,3.0,nan
user_279,job_220,3.0,nan
user_148,job_187,,nan
user_701,job_289,2.0,Comment for job 1303
user_113,job_196,,nan
user_289,job_35,1.0,nan
user_512,job_138,4.0,nan
user_249,job_445,5.0,Comment for job 1307
user_132,job_208,5.0,nan
user_518,job_386,4.0,nan
user_474,job_100,2.0,nan
user_941,job_410,4.0,nan
user_246,job_166,2.0,nan
user_581,job_119,,nan
user_839,job_334,,nan
user_802,job_395,4.0,nan
user_51,job_452,,nan
user_880,job_37,3.0,nan
user_767,job_482,,nan
user_459,job_213,2.0,nan
user_95,job_249,1.0,nan
user_939,job_11,,nan
user_553,job_214,2.0,nan
user_962,job_17,,Comment for job 1323
user_146,job_459,4.0,Comment for job 1324
user_218,job_176,,Comment for job 1325
user_6,job_49,,nan
user_841,job_147,3.0,nan
user_751,job_460,1.0,Comment for job 1328
user_401,job_44,5.0,nan
user_73,job_172,2.0,nan
user_105,job_97,,nan
user_124,job_460,5.0,Comment for job 1332
user_451,job_441,3.0,nan
user_670,job_334,3.0,nan
user_814,job_150,2.0,Comment for job 1335
user_78,job_72,2.0,nan
user_333,job_19,2.0,nan
user_657,job_54,1.0,nan
user_678,job_236,3.0,nan
user_846,job_41,,nan
user_4,job_193,1.0,nan
user_366,job_338,2.0,nan
user_450,job_385,1.0,nan
user_473,job_484,,nan
user_673,job_30,5.0,nan
user_658,job_2,2.0,nan
user_34,job_494,,nan
user_896,job_403,5.0,Comment for job 1348
user_780,job_3,4.0,nan
user_138,job_479,3.0,nan
user_417,job_227,2.0,nan
user_638,job_326,4.0,nan
user_843,job_167,5.0,Comment for job 1353
user_59,job_275,3.0,Comment for job 1354
user_258,job_473,5.0,nan
user_109,job_348,,nan
user_697,job_52,4.0,nan
user_4,job_285,2.0,nan
user_952,job_421,3.0,nan
user_509,job_453,,Comment for job 1360
user_394,job_369,3.0,nan
user_918,job_309,4.0,nan
user_901,job_96,3.0,Comment for job 1363
user_517,job_5,,nan
user_757,job_460,4.0,nan
user_125,job_362,3.0,Comment for job 1366
user_408,job_89,5.0,nan
user_224,job_281,,Comment for job 1368
user_95,job_358,,nan
user_453,job_368,4.0,nan
user_600,job_334,,Comment for job 1371
user_400,job_186,3.0,Comment for job 1372
user_322,job_193,2.0,Comment for job 1373
user_656,job_215,3.0,nan
user_649,job_216,3.0,nan
user_651,job_426,3.0,Comment for job 1376
user_221,job_239,1.0,Comment for job 1377
user_243,job_220,3.0,Comment for job 1378
user_434,job_41,5.0,nan
user_862,job_146,,nan
user_455,job_245,,nan
user_951,job_46,1.0,nan
user_612,job_164,1.0,nan
user_592,job_323,,nan
user_771,job_81,1.0,Comment for job 1385
user_636,job_323,1.0,nan
user_841,job_102,,nan
user_957,job_46,5.0,nan
user_668,job_310,2.0,nan
user_220,job_336,,nan
user_597,job_74,2.0,Comment for job 1391
user_756,job_7,,nan
user_760,job_80,,nan
user_623,job_65,4.0,nan
user_984,job_193,3.0,nan
user_828,job_32,3.0,nan
user_740,job_152,,nan
user_703,job_277,,Comment for job 1398
user_771,job_322,,nan
user_844,job_125,,nan
user_564,job_234,1.0,Comment for job 1401
user_704,job_371,1.0,nan
user_472,job_71,5.0,nan
user_305,job_288,2.0,nan
user_132,job_411,,nan
user_416,job_463,,nan
user_655,job_153,3.0,Comment for job 1407
user_585,job_478,2.0,Comment for job 1408
user_614,job_193,5.0,nan
user_899,job_257,3.0,Comment for job 1410
user_248,job_464,4.0,nan
user_792,job_235,5.0,Comment for job 1412
user_605,job_243,4.0,nan
user_360,job_175,5.0,nan
user_281,job_359,,Comment for job 1415
user_184,job_7,,nan
user_669,job_254,3.0,nan
user_17,job_167,,Comment for job 1418
user_761,job_488,3.0,nan
user_407,job_77,4.0,nan
user_465,job_73,2.0,nan
user_540,job_27,3.0,nan
user_478,job_68,5.0,nan
user_35,job_290,1.0,nan
user_794,job_54,1.0,nan
user_403,job_434,4.0,nan
user_89,job_468,5.0,nan
user_664,job_243,2.0,nan
user_925,job_264,,nan
user_860,job_409,5.0,nan
user_573,job_498,,nan
user_759,job_328,3.0,Comment for job 1432
user_101,job_311,5.0,Comment for job 1433
user_128,job_12,,nan
user_987,job_479,,nan
user_405,job_166,2.0,Comment for job 1436
user_937,job_67,4.0,nan
user_751,job_270,5.0,nan
user_321,job_28,1.0,nan
user_980,job_408,4.0,Comment for job 1440
user_462,job_59,,nan
user_684,job_328,,nan
user_594,job_187,,Comment for job 1443
user_917,job_94,,nan
user_931,job_366,,nan
user_767,job_135,4.0,nan
user_209,job_376,4.0,nan
user_281,job_412,5.0,nan
user_310,job_217,2.0,nan
user_644,job_149,,nan
user_473,job_118,3.0,nan
user_345,job_22,1.0,nan
user_841,job_278,4.0,nan
user_77,job_273,3.0,nan
user_31,job_69,2.0,nan
user_267,job_215,5.0,nan
user_780,job_288,,Comment for job 1457
user_49,job_128,2.0,nan
user_665,job_1,,nan
user_224,job_436,,Comment for job 1460
user_613,job_62,5.0,Comment for job 1461
user_172,job_314,,Comment for job 1462
user_123,job_357,,nan
user_995,job_276,1.0,Comment for job 1464
user_30,job_359,1.0,nan
user_432,job_441,,Comment for job 1466
user_917,job_275,1.0,Comment for job 1467
user_872,job_286,4.0,nan
user_392,job_255,3.0,Comment for job 1469
user_63,job_171,2.0,nan
user_263,job_24,5.0,Comment for job 1471
user_530,job_312,4.0,Comment for job 1472
user_140,job_312,4.0,Comment for job 1473
user_259,job_63,5.0,nan
user_856,job_23,5.0,nan
user_122,job_411,4.0,Comment for job 1476
user_233,job_479,5.0,Comment for job 1477
user_810,job_44,,Comment for job 1478
user_626,job_68,2.0,nan
user_669,job_99,3.0,nan
user_672,job_229,4.0,nan
user_446,job_288,3.0,Comment for job 1482
user_949,job_172,5.0,nan
user_785,job_447,5.0,Comment for job 1484
user_230,job_167,5.0,nan
user_799,job_190,2.0,nan
user_561,job_102,2.0,nan
user_493,job_330,2.0,nan
user_957,job_134,,nan
user_904,job_278,,nan
user_857,job_244,3.0,Comment for job 1491
user_740,job_11,4.0,nan
user_251,job_407,2.0,nan
user_633,job_305,4.0,nan
user_872,job_314,2.0,nan
user_846,job_107,4.0,nan
user_978,job_403,5.0,nan
user_448,job_103,5.0,nan
user_514,job_201,5.0,nan
user_159,job_152,4.0,nan
user_924,job_43,,Comment for job 1501
user_338,job_324,3.0,nan
user_965,job_0,4.0,nan
user_24,job_401,2.0,nan
user_740,job_223,5.0,nan
user_282,job_308,4.0,nan
user_772,job_4,5.0,nan
user_792,job_110,1.0,Comment for job 1508
user_585,job_233,2.0,Comment for job 1509
user_965,job_280,,nan
user_875,job_293,4.0,nan
user_929,job_394,1.0,nan
user_989,job_205,3.0,Comment for job 1513
user_998,job_84,,nan
user_591,job_117,2.0,nan
user_630,job_105,5.0,nan
user_477,job_13,,Comment for job 1517
user_198,job_198,4.0,Comment for job 1518
user_844,job_103,,nan
user_789,job_166,5.0,nan
user_716,job_471,2.0,nan
user_816,job_494,,nan
user_536,job_45,4.0,nan
user_544,job_1,,Comment for job 1524
user_695,job_358,,Comment for job 1525
user_296,job_488,3.0,Comment for job 1526
user_620,job_97,4.0,nan
user_860,job_103,3.0,nan
user_197,job_61,1.0,nan
user_4,job_208,4.0,nan
user_927,job_114,3.0,nan
user_960,job_470,,nan
user_286,job_153,2.0,Comment for job 1533
user_168,job_125,5.0,Comment for job 1534
user_523,job_311,5.0,nan
user_130,job_317,2.0,Comment for job 1536
user_678,job_64,,nan
user_602,job_146,5.0,Comment for job 1538
user_95,job_365,2.0,nan
user_600,job_260,5.0,nan
user_317,job_163,,Comment for job 1541
user_674,job_461,2.0,nan
user_200,job_245,5.0,nan
user_55,job_144,,nan
user_978,job_499,,Comment for job 1545
user_209,job_223,,nan
user_732,job_115,,Comment for job 1547
user_560,job_290,,nan
user_359,job_304,5.0,nan
user_955,job_438,1.0,nan
user_741,job_463,2.0,nan
user_687,job_461,5.0,Comment for job 1552
user_499,job_56,3.0,nan
user_893,job_16,,nan
user_702,job_316,,nan
user_200,job_335,,nan
user_35,job_211,5.0,nan
user_776,job_36,,nan
user_310,job_485,,nan
user_617,job_33,4.0,Comment for job 1560
user_83,job_286,3.0,nan
user_779,job_107,5.0,nan
user_276,job_125,5.0,Comment for job 1563
user_743,job_147,5.0,nan
user_139,job_31,,nan
user_94,job_174,,nan
user_69,job_103,2.0,Comment for job 1567
user_895,job_478,2.0,nan
user_872,job_493,3.0,Comment for job 1569
user_371,job_342,,nan
user_786,job_260,,nan
user_256,job_150,4.0,Comment for job 1572
user_970,job_89,,nan
user_709,job_55,,nan
user_816,job_432,2.0,Comment for job 1575
user_280,job_252,,nan
user_429,job_478,1.0,nan
user_959,job_243,2.0,nan
user_215,job_260,1.0,nan
user_374,job_352,,nan
user_51,job_71,5.0,nan
user_636,job_111,,Comment for job 1582
user_90,job_320,4.0,Comment for job 1583
user_41,job_369,,nan
user_18,job_36,4.0,nan
user_812,job_65,2.0,nan
user_865,job_266,3.0,nan
user_864,job_165,4.0,nan
user_211,job_89,3.0,Comment for job 1589
user_824,job_16,5.0,nan
user_714,job_239,,nan
user_391,job_44,4.0,nan
user_61,job_284,,nan
user_274,job_405,5.0,nan
user_488,job_365,3.0,nan
user_449,job_291,4.0,nan
user_67,job_7,,nan
user_897,job_407,3.0,Comment for job 1598
user_102,job_281,5.0,Comment for job 1599
user_169,job_36,2.0,Comment for job 1600
user_438,job_317,3.0,Comment for job 1601
user_270,job_110,4.0,nan
user_56,job_130,3.0,nan
user_771,job_401,,Comment for job 1604
user_294,job_380,2.0,nan
user_953,job_148,5.0,nan
user_233,job_231,3.0,Comment for job 1607
user_48,job_50,3.0,nan
user_100,job_230,5.0,nan
user_891,job_309,5.0,nan
user_512,job_481,,nan
user_82,job_79,,nan
user_672,job_163,3.0,Comment for job 1613
user_917,job_116,3.0,nan
user_896,job_393,1.0,Comment for job 1615
user_103,job_100,3.0,nan
user_867,job_398,2.0,nan
user_844,job_157,,nan
user_526,job_212,,nan
user_321,job_441,,nan
user_76,job_201,,Comment for job 1621
user_590,job_21,2.0,Comment for job 1622
user_50,job_307,,nan
user_996,job_75,1.0,nan
user_872,job_208,5.0,Comment for job 1625
user_485,job_121,2.0,nan
user_340,job_273,5.0,nan
user_863,job_260,3.0,nan
user_549,job_383,5.0,nan
user_344,job_471,4.0,nan
user_999,job_208,,nan
user_896,job_194,5.0,Comment for job 1632
user_497,job_68,2.0,Comment for job 1633
user_12,job_493,,nan
user_184,job_307,3.0,Comment for job 1635
user_691,job_304,2.0,nan
user_136,job_321,5.0,nan
user_562,job_59,,Comment for job 1638
user_217,job_233,1.0,nan
user_634,job_451,,nan
user_230,job_239,,nan
user_542,job_385,4.0,nan
user_570,job_340,4.0,nan
user_458,job_135,2.0,nan
user_439,job_236,4.0,nan
user_477,job_454,,nan
user_785,job_484,1.0,nan
user_368,job_36,1.0,Comment for job 1648
user_659,job_314,2.0,Comment for job 1649
user_705,job_262,,Comment for job 1650
user_397,job_349,,nan
user_710,job_447,3.0,nan
user_525,job_464,2.0,nan
user_548,job_407,2.0,Comment for job 1654
user_407,job_211,,Comment for job 1655
user_147,job_91,5.0,Comment for job 1656
user_553,job_349,3.0,nan
user_33,job_319,,Comment for job 1658
user_875,job_384,,nan
user_18,job_149,5.0,nan
user_964,job_68,4.0,Comment for job 1661
user_163,job_269,,nan
user_121,job_435,5.0,nan
user_666,job_19,3.0,nan
user_907,job_426,5.0,Comment for job 1665
user_466,job_459,,nan
user_965,job_100,1.0,Comment for job 1667
user_433,job_398,1.0,Comment for job 1668
user_580,job_114,5.0,Comment for job 1669
user_58,job_40,4.0,nan
user_653,job_12,3.0,nan
user_670,job_120,2.0,Comment for job 1672
user_588,job_414,5.0,nan
user_706,job_365,1.0,Comment for job 1674
user_948,job_23,,nan
user_73,job_323,5.0,nan
user_235,job_25,,Comment for job 1677
user_672,job_89,5.0,nan
user_827,job_413,,nan
user_459,job_172,,nan
user_716,job_136,5.0,nan
user_621,job_23,3.0,nan
user_78,job_16,,nan
user_255,job_287,5.0,Comment for job 1684
user_838,job_76,,nan
user_246,job_372,3.0,Comment for job 1686
user_170,job_197,,nan
user_791,job_198,,nan
user_27,job_494,3.0,Comment for job 1689
user_702,job_60,5.0,Comment for job 1690
user_716,job_386,,nan
user_57,job_279,5.0,nan
user_378,job_160,1.0,Comment for job 1693
user_859,job_232,,Comment for job 1694
user_492,job_425,,nan
user_423,job_107,1.0,nan
user_871,job_168,3.0,nan
user_103,job_404,3.0,Comment for job 1698
user_222,job_277,1.0,nan
user_354,job_449,,nan
user_551,job_424,2.0,nan
user_310,job_331,,Comment for job 1702
user_493,job_164,5.0,Comment for job 1703
user_127,job_370,5.0,nan
user_331,job_174,5.0,nan
user_142,job_29,2.0,nan
user_170,job_398,5.0,nan
user_924,job_337,,Comment for job 1708
user_843,job_70,1.0,nan
user_640,job_145,,Comment for job 1710
user_707,job_108,5.0,Comment for job 1711
user_177,job_433,,nan
user_116,job_323,1.0,nan
user_873,job_262,,nan
user_207,job_480,1.0,nan
user_360,job_354,,nan
user_751,job_411,,nan
user_270,job_283,,nan
user_517,job_168,5.0,Comment for job 1719
user_61,job_405,5.0,Comment for job 1720
user_254,job_239,2.0,nan
user_740,job_85,1.0,nan
user_240,job_382,3.0,Comment for job 1723
user_953,job_462,3.0,nan
user_229,job_75,1.0,nan
user_368,job_399,2.0,nan
user_204,job_194,3.0,nan
user_178,job_253,2.0,nan
user_492,job_237,4.0,nan
user_413,job_348,3.0,Comment for job 1730
user_952,job_439,5.0,nan
user_742,job_118,3.0,Comment for job 1732
user_892,job_461,,nan
user_618,job_78,,Comment for job 1734
user_330,job_298,,nan
user_272,job_456,,nan
user_949,job_356,4.0,nan
user_279,job_46,3.0,Comment for job 1738
user_849,job_366,4.0,nan
user_118,job_300,3.0,nan
user_393,job_434,5.0,nan
user_207,job_336,3.0,nan
user_828,job_71,2.0,nan
user_558,job_31,,Comment for job 1744
user_902,job_270,,nan
user_107,job_464,3.0,nan
user_562,job_167,,nan
user_932,job_15,3.0,nan
user_91,job_36,4.0,Comment for job 1749
user_396,job_442,1.0,nan
user_101,job_151,,nan
user_25,job_50,5.0,nan
user_391,job_424,5.0,nan
user_843,job_294,3.0,nan
user_977,job_307,5.0,Comment for job 1755
user_76,job_246,1.0,Comment for job 1756
user_165,job_448,,nan
user_847,job_48,2.0,nan
user_788,job_479,4.0,nan
user_190,job_1,5.0,Comment for job 1760
user_537,job_83,4.0,nan
user_532,job_263,2.0,nan
user_678,job_134,5.0,Comment for job 1763
user_786,job_153,2.0,nan
user_409,job_7,3.0,Comment for job 1765
user_259,job_38,4.0,nan
user_843,job_238,,nan
user_585,job_437,,Comment for job 1768
user_39,job_388,3.0,Comment for job 1769
user_909,job_56,,nan
user_129,job_472,1.0,nan
user_32,job_200,3.0,nan
user_278,job_5,,nan
user_328,job_40,,nan
user_25,job_425,1.0,Comment for job 1775
user_596,job_311,1.0,nan
user_968,job_377,,nan
user_433,job_460,4.0,nan
user_102,job_169,1.0,nan
user_828,job_10,4.0,Comment for job 1780
user_249,job_460,3.0,nan
user_768,job_272,5.0,Comment for job 1782
user_162,job_122,,nan
user_823,job_382,1.0,nan
user_693,job_263,,nan
user_609,job_475,,Comment for job 1786
user_806,job_50,2.0,Comment for job 1787
user_907,job_433,,nan
user_264,job_215,3.0,nan
user_222,job_453,2.0,nan
user_833,job_222,4.0,nan
user_747,job_74,,Comment for job 1792
user_855,job_458,2.0,nan
user_942,job_115,5.0,Comment for job 1794
user_23,job_253,4.0,nan
user_560,job_444,,nan
user_364,job_214,3.0,Comment for job 1797
user_381,job_487,1.0,Comment for job 1798
user_478,job_132,2.0,Comment for job 1799
user_672,job_340,,nan
user_732,job_223,4.0,nan
user_630,job_499,5.0,nan
user_260,job_368,5.0,Comment for job 1803
user_897,job_342,3.0,Comment for job 1804
user_589,job_400,3.0,Comment for job 1805
user_616,job_317,,Comment for job 1806
user_212,job_277,2.0,nan
user_180,job_21,1.0,nan
user_662,job_110,,Comment for job 1809
user_861,job_182,3.0,Comment for job 1810
user_469,job_160,4.0,Comment for job 1811
user_246,job_464,,Comment for job 1812
user_724,job_381,2.0,nan
user_467,job_67,,nan
user_417,job_362,4.0,Comment for job 1815
user_147,job_100,,Comment for job 1816
user_816,job_181,2.0,nan
user_12,job_122,3.0,Comment for job 1818
user_923,job_418,2.0,nan
user_556,job_101,3.0,nan
user_791,job_34,4.0,nan
user_392,job_325,3.0,Comment for job 1822
user_295,job_225,3.0,Comment for job 1823
user_205,job_293,3.0,nan
user_172,job_308,1.0,nan
user_53,job_310,1.0,nan
user_313,job_413,4.0,nan
user_259,job_468,,nan
user_243,job_153,2.0,nan
user_978,job_289,,nan
user_155,job_401,1.0,nan
user_163,job_340,,nan
user_711,job_273,2.0,nan
user_746,job_494,,nan
user_91,job_258,5.0,Comment for job 1835
user_15,job_158,4.0,nan
user_959,job_12,4.0,nan
user_138,job_483,4.0,Comment for job 1838
user_828,job_195,5.0,Comment for job 1839
user_111,job_226,5.0,Comment for job 1840
user_5,job_43,,nan
user_613,job_167,4.0,nan
user_314,job_233,4.0,nan
user_287,job_202,,nan
user_402,job_238,3.0,nan
user_98,job_321,,nan
user_529,job_268,2.0,Comment for job 1847
user_918,job_229,2.0,nan
user_882,job_222,,Comment for job 1849
user_382,job_207,,nan
user_785,job_22,2.0,Comment for job 1851
user_15,job_240,,nan
user_260,job_326,,nan
user_651,job_130,,Comment for job 1854
user_350,job_313,,nan
user_282,job_41,5.0,nan
user_153,job_382,2.0,Comment for job 1857
user_173,job_208,3.0,nan
user_587,job_495,1.0,nan
user_605,job_197,2.0,nan
user_188,job_305,2.0,nan
user_157,job_423,5.0,nan
user_382,job_480,1.0,nan
user_96,job_201,,nan
user_163,job_157,4.0,nan
user_447,job_149,,nan
user_818,job_91,3.0,nan
user_66,job_401,4.0,nan
user_927,job_178,,Comment for job 1869
user_923,job_266,4.0,nan
user_885,job_88,3.0,Comment for job 1871
user_285,job_147,,nan
user_401,job_64,5.0,Comment for job 1873
user_134,job_203,2.0,Comment for job 1874
user_270,job_489,,nan
user_477,job_459,1.0,nan
user_701,job_117,4.0,Comment for job 1877
user_730,job_137,2.0,nan
user_40,job_461,5.0,nan
user_245,job_278,5.0,nan
user_142,job_351,3.0,Comment for job 1881
user_739,job_47,5.0,nan
user_244,job_192,,nan
user_341,job_346,4.0,nan
user_136,job_236,,nan
user_405,job_99,,nan
user_917,job_13,5.0,nan
user_697,job_16,1.0,Comment for job 1888
user_846,job_321,5.0,nan
user_156,job_233,,nan
user_263,job_310,,nan
user_56,job_152,2.0,nan
user_779,job_283,,nan
user_230,job_90,3.0,nan
user_236,job_90,4.0,Comment for job 1895
user_528,job_142,5.0,nan
user_477,job_371,,nan
user_924,job_485,1.0,nan
user_811,job_226,2.0,nan
user_50,job_23,,nan
user_339,job_402,3.0,Comment for job 1901
user_992,job_28,,Comment for job 1902
user_617,job_489,3.0,nan
user_370,job_323,5.0,nan
user_650,job_133,1.0,nan
user_410,job_212,1.0,Comment for job 1906
user_49,job_34,3.0,nan
user_871,job_392,1.0,nan
user_629,job_199,,Comment for job 1909
user_518,job_18,1.0,nan
user_801,job_55,,Comment for job 1911
user_300,job_320,2.0,nan
user_643,job_205,2.0,nan
user_381,job_333,,nan
user_457,job_379,,nan
user_835,job_378,,nan
user_568,job_107,,nan
user_997,job_222,4.0,nan
user_212,job_33,5.0,nan
user_931,job_219,5.0,Comment for job 1920
user_208,job_463,3.0,Comment for job 1921
user_551,job_334,2.0,nan
user_473,job_233,4.0,nan
user_967,job_287,3.0,nan
user_318,job_202,3.0,nan
user_467,job_265,5.0,Comment for job 1926
user_283,job_179,,Comment for job 1927
user_92,job_141,1.0,nan
user_350,job_193,4.0,nan
user_144,job_345,2.0,nan
user_907,job_75,,nan
user_70,job_299,,nan
user_235,job_181,,nan
user_521,job_430,,nan
user_933,job_336,,nan
user_72,job_325,2.0,nan
user_813,job_177,3.0,nan
user_547,job_145,3.0,nan
user_842,job_317,,nan
user_758,job_230,5.0,nan
user_47,job_87,3.0,Comment for job 1941
user_274,job_162,1.0,Comment for job 1942
user_857,job_390,1.0,Comment for job 1943
user_506,job_368,2.0,nan
user_538,job_263,4.0,nan
user_966,job_334,5.0,Comment for job 1946
user_752,job_160,3.0,nan
user_443,job_251,,nan
user_812,job_293,2.0,Comment for job 1949
user_48,job_236,,nan
user_982,job_392,5.0,nan
user_433,job_119,2.0,nan
user_836,job_300,3.0,nan
user_424,job_255,5.0,nan
user_732,job_415,2.0,nan
user_423,job_92,1.0,Comment for job 1956
user_710,job_350,5.0,Comment for job 1957
user_492,job_488,2.0,nan
user_104,job_269,3.0,nan
user_933,job_255,,nan
user_969,job_319,2.0,nan
user_946,job_337,,nan
user_714,job_463,2.0,nan
user_916,job_188,3.0,nan
user_501,job_68,1.0,nan
user_457,job_133,2.0,nan
user_164,job_258,2.0,nan
user_866,job_49,5.0,nan
user_529,job_337,2.0,nan
user_691,job_387,3.0,nan
user_649,job_389,,nan
user_485,job_415,2.0,nan
user_752,job_480,3.0,nan
user_359,job_59,3.0,nan
user_729,job_286,,Comment for job 1975
user_958,job_248,,nan
user_703,job_168,2.0,Comment for job 1977
user_94,job_231,5.0,nan
user_415,job_365,2.0,Comment for job 1979
user_970,job_136,,nan
user_886,job_118,5.0,Comment for job 1981
user_241,job_452,2.0,nan
user_882,job_228,4.0,Comment for job 1983
user_870,job_270,2.0,Comment for job 1984
user_517,job_353,,Comment for job 1985
user_976,job_56,,nan
user_854,job_235,1.0,nan
user_817,job_419,1.0,Comment for job 1988
user_654,job_362,4.0,nan
user_856,job_148,,Comment for job 1990
user_254,job_294,5.0,nan
user_413,job_51,2.0,nan
user_774,job_203,5.0,nan
user_924,job_478,,Comment for job 1994
user_596,job_71,3.0,nan
user_120,job_427,,Comment for job 1996
user_492,job_72,,nan
user_398,job_112,1.0,nan
user_46,job_348,5.0,nan
